,artistId,artistName,location,country,Code,Alias
0,1458,World Class Wreckin' Cru,,United States,US,
1,1781,Jungle Brothers,,United States,US,
2,2195,East Flatbush Project,,United States,US,
3,2202,El-P,,United States,US,
5,2525,Slip,,United States,US,
6,2545,DJ Magic Mike,,United States,US,
7,2604,Stetsasonic,,United States,US,
8,3165,Mantronix,,United States,US,
10,3267,D.I.T.C.,,United States,US,
11,3268,A Tribe Called Quest,,United States,US,
14,3763,Bad Meets Evil,,United States,US,
15,3862,Guru,,United States,US,
17,4030,Crooklyn Clan,,United States,US,
19,4093,UTFO,,United States,US,
20,4096,Roxanne ShantÃ©,,United States,US,
24,4778,Mary J. Blige,,United States,US,
25,4779,Jodeci,,United States,US,
26,4839,Spoonie Gee,,United States,US,
27,4848,Kool G Rap,,United States,US,
29,5648,Mos Def,,United States,US,
30,5649,L-Fudge,,United States,US,
32,5953,J-Live,,United States,US,
33,6136,Latyrx,,United States,US,
34,6952,Tom Morello,,United States,US,
35,6953,MC D-Stroy,,United States,US,
36,7686,Naughty By Nature,,United States,US,
37,7699,SWV,,United States,US,
40,8279,Jill Scott,,United States,US,
41,8285,Kelis,,United States,US,
42,8585,Divine Styler,,United States,US,
43,8993,Double Dee & Steinski,,United States,US,
44,9384,Lucy Pearl,,United States,US,
47,9707,War,,United States,US,
49,9838,Mix Master Mike,,United States,US,
50,9839,The X-Ecutioners,,United States,US,
54,10990,Blackstreet,,United States,US,
55,10991,Coolio,,United States,US,
56,10995,Erykah Badu,,United States,US,
58,11213,Wu-Tang Clan,,United States,US,
59,12137,Heavy D. & The Boyz,,United States,US,
60,12330,Yella,,United States,US,
62,12469,PhonosycographDISK,,United States,US,
63,12470,Company Flow,,United States,US,
65,12627,Soulive,,United States,US,
67,13726,N.W.A.,,United States,US,
68,13727,Luniz,,United States,US,
69,13732,Ice Cube,,United States,US,
70,13733,Aaliyah,,United States,US,
71,13869,"Chris ""The Glove"" Taylor",,United States,US,
76,13888,Awesome Foursome,,United States,US,
77,13936,Toni Braxton,,United States,US,
78,14014,Common,,United States,US,
79,14017,Jigmastas,,United States,US,
80,14295,Pete Rock,,United States,US,
82,14481,Sweet Tee,,United States,US,
85,14560,DJ Kool,,United States,US,
86,14646,R. Kelly,,United States,US,
87,14648,DJ Jazzy Jeff & The Fresh Prince,,United States,US,
88,14742,EPMD,,United States,US,
89,14743,Redman,,United States,US,
90,14745,Breez Evahflowin',,United States,US,
91,14747,Sunz Of Man,,United States,US,
92,14752,The Wascals,,United States,US,
93,14753,Xzibit,,United States,US,
97,16171,Jason Downs,,United States,US,
98,16360,Mario,,United States,US,
99,16508,Madlib,,United States,US,
102,16741,Vicious Bass,,United States,US,
103,16755,Force MD's,,United States,US,
104,16763,House Of Pain,,United States,US,
106,16968,Harlem Underground Band,,United States,US,
108,17101,Boogie Down Productions,,United States,US,
109,17110,The Neptunes,,United States,US,
110,17477,Jurassic 5,,United States,US,
112,17550,Sugarhill Gang,,United States,US,
114,17587,Method Man,,United States,US,
115,17594,Big Daddy Kane,,United States,US,
116,17829,Channel Live,,United States,US,
119,17905,Mr. Complex,,United States,US,
120,18119,DJs Wally & Swingsett,,United States,US,
122,18133,Freestyle Fellowship,,United States,US,
124,18200,West Street Mob,,United States,US,
126,18310,Motion Man,,United States,US,
127,18324,Jaheim,,United States,US,
128,18342,Shade Sheist,,United States,US,
129,18508,Krumb Snatcha,,United States,US,
130,18684,Biz Markie,,United States,US,
132,18956,Stevie Wonder,,United States,US,
134,19414,Maseo,,United States,US,
135,19699,Afrika Bambaataa & The Jazzy 5,,United States,US,
137,20389,Jon B,,United States,US,
138,20590,Grandmaster Flash & The Furious Five,,United States,US,
141,20957,Rick James,,United States,US,
142,20992,All Star,,United States,US,
143,21001,Puff Daddy & The Family,,United States,US,
144,21070,J-Zone,,United States,US,
145,21125,The 45 King,,United States,US,
146,21128,AG,,United States,US,
147,21151,DJ Premier,,United States,US,
148,21291,Bumpy Knuckles,,United States,US,
150,21716,Sir Mix-A-Lot,,United States,US,
151,21742,Jay-Z,,United States,US,
153,21910,The Real Roxanne,,United States,US,
155,21918,Duke Bootee,,United States,US,
156,21920,DJ Scott La Rock,,United States,US,
157,21921,D-Nice,,United States,US,
158,21993,Sisqo,,United States,US,
159,22008,Destiny's Child,,United States,US,
160,22028,3LW,,United States,US,
161,22428,Bahamadia,,United States,US,
162,22757,Luther Vandross,,United States,US,
163,22877,Rakim,,United States,US,
164,22910,O.C.,,United States,US,
165,22935,DJ Muggs,,United States,US,
166,23045,Jam Master Jay,,United States,US,
168,24040,Amel Larrieux,,United States,US,
169,24072,Bootsy Collins,,United States,US,
170,24205,Dilated Peoples,,United States,US,
172,24211,Declaime,,United States,US,
174,25058,MF Doom,,United States,US,
175,25141,T Love,,United States,US,
176,25261,Al Green,,United States,US,
178,25666,Lateef The Truth Speaker,,United States,US,
179,25670,Quannum MC's,,United States,US,
180,25775,Souls Of Mischief,,United States,US,
182,26245,Big Kap,,United States,US,
183,26246,Funkmaster Flex,,United States,US,
184,26370,MC G.L.O.B.E.,,United States,US,
185,26592,Foxy Brown,,United States,US,
186,26713,Dru Hill,,United States,US,
187,26918,Missy Elliott,,United States,US,
189,26936,Apathy,,United States,US,
190,26996,Daddy-O,,United States,US,
191,27341,Dan The Automator,,United States,US,
194,27811,C.L. Smooth,,United States,US,
195,27812,Malik B.,,United States,US,
196,27813,Big Shug,,United States,US,
197,28077,Cannibal Ox,,United States,US,
199,28105,Illogic,,United States,US,
201,28271,John Forte,,United States,US,
202,28579,Kut Masta Kurt,,United States,US,
205,29058,Gang Starr,,United States,US,
206,29059,Grand Puba,,United States,US,
209,30017,Pete Rock & C.L. Smooth,,United States,US,
210,30542,Whitney Houston,,United States,US,
211,30617,Hurby Luv Bug,,United States,US,
212,30674,Dave Matthews Band,,United States,US,
213,30998,DJ Cheese,,United States,US,
214,31011,Guy,,United States,US,
215,31712,Del Tha Funkee Homosapien,,United States,US,
216,31715,Sadat X,,United States,US,
217,31751,Brandy (2),,United States,US,
218,31777,Pharoahe Monch,,United States,US,
219,31996,Induce,,United States,US,
222,32416,Bell Biv Devoe,,United States,US,
224,32446,Da Beatminerz,,United States,US,
228,33534,Mariah Carey,,United States,US,
231,34215,Planet Asia,,United States,US,
233,34224,J Rocc,,United States,US,
235,34335,M.C. Ricky D,,United States,US,
236,34567,Arrested Development,,United States,US,
238,35125,Timbaland,,United States,US,
240,35135,Puff Daddy,,United States,US,
241,35333,Dudley Perkins,,United States,US,
242,35525,Abstract Rude,,United States,US,
244,35746,LL Cool J,,United States,US,
245,35848,Q-Tip,,United States,US,
246,36099,Da Brat,,United States,US,
248,36112,Lighter Shade Of Brown,,United States,US,
249,36158,Gwen Stefani,,United States,US,
250,36603,Carly Simon,,United States,US,
251,36621,MC Hammer,,United States,US,
253,37046,Monyaka,,United States,US,
254,37098,Main Flow,,United States,US,
260,37773,Mum's The Word,,United States,US,
263,37906,Busta Rhymes,,United States,US,
264,37907,Silkk The Shocker,,United States,US,
265,37908,Fabolous,,United States,US,
266,37909,Jadakiss,,United States,US,
267,37910,Trina,,United States,US,
268,37912,Bubba Sparxxx,,United States,US,
269,37913,Mystikal,,United States,US,
270,38238,Ultramagnetic MC's,,United States,US,
271,38379,Salt 'N' Pepa,,United States,US,
272,38497,The Whooliganz,,United States,US,
273,38514,Renard With No Regard,,United States,US,
274,38561,OutKast,,United States,US,
276,38855,Donell Jones,,United States,US,
277,38905,Alicia Keys,,United States,US,
278,39015,Ol' Dirty Bastard,,United States,US,
279,39167,Chief Xcel,,United States,US,
280,39293,Tina B,,United States,US,
281,39376,Frankie Cutlass,,United States,US,
283,39455,Ashanti,,United States,US,
285,39655,Afu-Ra,,United States,US,
287,39713,Edan,,United States,US,
289,39829,Onyx,,United States,US,
290,39833,Montell Jordan,,United States,US,
291,39834,Nikki D,,United States,US,
292,39837,Warren G,,United States,US,
293,39838,Erick Sermon,,United States,US,
294,39839,South Central Cartel,,United States,US,
295,39908,Talib Kweli,,United States,US,
300,40399,Kool Moe Dee,,United States,US,
301,40426,Camu Tao,,United States,US,
303,40445,Large Professor,,United States,US,
304,40792,"Royce Da 5'9""",,United States,US,
305,40915,Fu-Schnickens,,United States,US,
306,41233,Jazzy Jay,,United States,US,
307,41239,Treacherous Three,,United States,US,
308,41266,Full Force,,United States,US,
309,41279,Fab 5 Freddy,,United States,US,
312,41922,Monica,,United States,US,
315,42423,Maroons,,United States,US,
316,42627,Lauryn Hill,,United States,US,
317,43011,MC Lyte,,United States,US,
318,43315,MC Shy D,,United States,US,
319,44390,El Da Sensei,,United States,US,
321,44392,Craig G,,United States,US,
322,44399,Mike Zoot,,United States,US,
323,44944,D'Angelo,,United States,US,
325,44983,Tuff Crew,,United States,US,
326,45044,Rob Base,,United States,US,
327,45046,Gwen Dickey,,United States,US,
328,45047,Poor Righteous Teachers,,United States,US,
329,45095,Trick Daddy,,United States,US,
330,45241,Cappadonna,,United States,US,
331,45534,Johnny Gill,,United States,US,
332,45744,Chali 2NA,,United States,US,
333,45746,Jaguar Wright,,United States,US,
334,45963,The Rock Steady Crew,,United States,US,
336,46281,Rob Base & DJ E-Z Rock,,United States,US,
337,46282,J.V.C. F.O.R.C.E.,,United States,US,
339,47309,dead prez,,United States,US,
342,47802,Masters Of Illusion,,United States,US,
343,48284,The Last Poets,,United States,US,
344,48354,Tony Touch,,United States,US,
345,48423,MC Shan,,United States,US,
346,48435,Lost Boyz,,United States,US,
347,48506,Sole,,United States,US,
349,48860,Craig Mack,,United States,US,
350,48865,Kool & The Gang,,United States,US,
351,49074,Sir Menelik,,United States,US,
352,49187,Christina Milian,,United States,US,
353,49292,Pacewon,,United States,US,
354,49294,Soulsonic Force,,United States,US,
355,49466,Mr. Live,,United States,US,
356,50127,Nick Wiz,,United States,US,
357,50128,Old World Disorder,,United States,US,
361,50514,KRS-One,,United States,US,
363,50662,M.O.P.,,United States,US,
364,50677,Styles Of Beyond,,United States,US,
369,51065,Rammellzee,,United States,US,
371,51158,Roc Raida,,United States,US,
373,51216,Rahzel,,United States,US,
374,51267,702,,United States,US,
375,51271,Faith Evans,,United States,US,
376,51272,Black Rob,,United States,US,
377,51352,Too Short,,United States,US,
378,51368,Nelly,,United States,US,
381,51978,Kool Chip,,United States,US,
382,51984,Jennifer Lopez,,United States,US,
383,51988,Fat Joe,,United States,US,
384,52378,Psycho Les,,United States,US,
385,52816,Mack 10,,United States,US,
387,52835,BeyoncÃ©,,United States,US,
392,53121,Big Gipp,,United States,US,
393,53127,Sleepy Brown,,United States,US,
394,53163,Master Fuol,,United States,US,
398,53360,Capone -N- Noreaga,,United States,US,
400,53527,Buckethead,,United States,US,
401,53529,D-Styles,,United States,US,
403,53566,Akrobatik,,United States,US,
404,53608,Aceyalone,,United States,US,
405,53965,DJ Dez,,United States,US,
406,54186,Adina Howard,,United States,US,
408,54211,Chuck D,,United States,US,
410,54813,Carl Thomas,,United States,US,
411,54871,Steady B,,United States,US,
412,55726,Baybe,,United States,US,
414,57471,Jean Grae,,United States,US,
415,57492,Gigolo Tony,,United States,US,
417,57508,2Mex,,United States,US,
418,57509,Awol One,,United States,US,
424,57979,J. Rawls,,United States,US,
426,58435,12 Gauge,,United States,US,
427,58554,Murs,,United States,US,
428,58593,Buckwild,,United States,US,
429,58683,Blak Forest,,United States,US,
430,58708,Kool DJ E.Q.,,United States,US,
431,59048,Maylay Sparks,,United States,US,
432,59176,DJ Jazzy Jeff,,United States,US,
435,59872,Easy Mo Bee,,United States,US,
436,60316,Vicki Sue Robinson,,United States,US,
437,60978,Jermaine Dupri,,United States,US,
438,61284,Organized Konfusion,,United States,US,
439,61398,Kelly Price,,United States,US,
441,62125,MC Nas-D,,United States,US,
442,62130,Freak Nasty,,United States,US,
445,62144,Poison Clan,,United States,US,
447,62571,DJ Quik,,United States,US,
448,62572,Rockwilder,,United States,US,
449,63338,Tim Dog,,United States,US,
451,63978,Nappy Roots,,United States,US,
453,64348,Zack de La Rocha,,United States,US,
454,64774,Daddy Kev,,United States,US,
455,65048,Lord Finesse,,United States,US,
456,65049,Notorious B.I.G.,,United States,US,
458,65081,Defari,,United States,US,
460,66070,M4 Sers,,United States,US,
462,66143,Perverted Monks,,United States,US,
463,66147,Ice-T,,United States,US,
464,66152,Fatman Scoop,,United States,US,
465,66153,Shaquille O'Neal,,United States,US,
467,66417,Ras Kass,,United States,US,
469,66806,CunninLynguists,,United States,US,
471,66817,Celph Titled,,United States,US,
472,66824,Justin Timberlake,,United States,US,
473,67020,L*Roneous,,United States,US,
474,67039,The Lox,,United States,US,
475,67672,Ms. Jade,,United States,US,
476,67691,DJ Laz,,United States,US,
477,67728,Sway & King Tech,,United States,US,
478,67942,Changing Faces,,United States,US,
482,69210,Lakim Shabazz,,United States,US,
483,69211,Cold Crush Brothers,,United States,US,
484,69273,Wordsworth,,United States,US,
485,69387,Oran 'Juice' Jones,,United States,US,
486,69544,Das EFX,,United States,US,
487,70351,The Furious Five,,United States,US,
488,70379,Kool Kyle The Starchild,,United States,US,
491,71651,Zion I,,United States,US,
492,71680,Akinyele,,United States,US,
494,72461,Raphael Saadiq,,United States,US,
495,73255,Reflection Eternal,,United States,US,
496,74169,Will Smith,,United States,US,
497,75127,Cowboy,,United States,US,
501,76037,Project Pat,,United States,US,
502,76073,Eazy-E,,United States,US,
503,76242,E-40,,United States,US,
504,76484,Horror City,,United States,US,
505,76486,Superstar (2),,United States,US,
506,76487,Chris Rock,,United States,US,
507,76490,Everlast,,United States,US,
508,76894,The Roots,,United States,US,
509,76911,Prince Ital Joe,,United States,US,
510,77180,Grandmaster Melle Mel,,United States,US,
511,77522,Joe,,United States,US,
512,77855,Christina Aguilera,,United States,US,
513,77859,TLC,,United States,US,
514,77860,Koffee Brown,,United States,US,
519,79326,Chris Stein,,United States,US,
520,79340,Carlos Santana,,United States,US,
521,79578,50 Cent,,United States,US,
522,79733,Khia,,United States,US,
523,79759,Black Eyed Peas,,United States,US,
524,79763,Molemen,,United States,US,
526,79986,Jazzyfatnastees,,United States,US,
527,80040,DXJ,,United States,US,
529,80105,The Get Fresh Girls,,United States,US,
531,80325,Bone Thugs-N-Harmony,,United States,US,
536,80688,Karriem Riggins,,United States,US,
537,81056,MC Eiht,,United States,US,
538,81057,Chace Infinite,,United States,US,
540,81206,Beanie Sigel,,United States,US,
541,81373,Yvette Michele,,United States,US,
542,81700,Amil,,United States,US,
543,81951,World's Famous Supreme Team,,United States,US,
544,82068,Asheru,,United States,US,
545,82540,Super 3,,United States,US,
547,82693,The High & Mighty,,United States,US,
548,82702,R.A. The Rugged Man,,United States,US,
552,82946,DJ Drez,,United States,US,
553,82947,The Grouch,,United States,US,
554,82948,Eligh,,United States,US,
559,83097,Young Zee,,United States,US,
560,83143,Pebbles,,United States,US,
562,85360,95 South,,United States,US,
564,86495,Master P,,United States,US,
565,87125,69 Boyz,,United States,US,
566,88743,Girl Talk,,United States,US,
567,88760,Ed Lover,,United States,US,
568,89475,Jake One,,United States,US,
570,89865,Jedi Mind Tricks,,United States,US,
571,89866,Shabazz The Disciple,,United States,US,
573,90037,Pharrell Williams,,United States,US,
575,90640,Toddy Tee,,United States,US,
576,90731,Flipmode Squad,,United States,US,
577,91533,Droop Capone,,United States,US,
579,91623,Billy Lawrence,,United States,US,
581,92281,Loon,,United States,US,
582,92897,Charli Baltimore,,United States,US,
583,92898,Cam'ron,,United States,US,
584,92901,Syleena Johnson,,United States,US,
585,93616,Buckshot,,United States,US,
587,93780,Mad Lion,,United States,US,
590,94999,Mocha,,United States,US,
591,95002,Damizza,,United States,US,
592,95003,Krayzie Bone,,United States,US,
593,95080,Shawnna,,United States,US,
594,96151,Gina Thompson,,United States,US,
597,96696,DJ Double S,,United States,US,
599,96954,Antoinette,,United States,US,
600,97078,Audio Two,,United States,US,
601,97139,Usher,,United States,US,
602,97515,Brian McKnight,,United States,US,
605,98207,Wayne-O,,United States,US,
607,98498,Kelly Rowland,,United States,US,
609,98629,Ms. Melodie,,United States,US,
610,99384,Deeskee,,United States,US,
612,99679,Clipse,,United States,US,
615,99965,Yo-Yo,,United States,US,
616,100215,Mr. Akil,,United States,US,
617,100558,Raekwon,,United States,US,
618,100745,Westside Connection,,United States,US,
620,100752,2Pac,,United States,US,
621,100756,Daz Dillinger,,United States,US,
622,100757,Above The Law,,United States,US,
624,101545,Ruff Ryders,,United States,US,
627,102819,Eclipse 427,,United States,US,
635,105450,Karyn White,,United States,US,
636,105451,Al B. Sure!,,United States,US,
637,105453,El DeBarge,,United States,US,
638,105456,Rah Digga,,United States,US,
639,105661,Tame One,,United States,US,
640,105693,Yukmouth,,United States,US,
641,105728,Hole (2),,United States,US,
642,105902,Ralph Tresvant,,United States,US,
643,106523,Grandmaster Caz,,United States,US,
644,106719,Grand Agent,,United States,US,
645,106720,Paul Nice,,United States,US,
647,106753,Bobbito,,United States,US,
648,107386,Paula Perry,,United States,US,
651,107771,E-A-Ski,,United States,US,
652,108184,Slim Shady,,United States,US,
655,108619,PMD,,United States,US,
656,108622,Dru Down,,United States,US,
657,108623,Mac Mall,,United States,US,
658,108722,Limp Bizkit,,United States,US,
659,108790,Snuky Tate,,United States,US,
660,108856,K-Ci,,United States,US,
661,108940,Rappin' 4-Tay,,United States,US,
662,108968,DJ Spinbad,,United States,US,
663,109129,Danger Mouse,,United States,US,
666,109513,Petey Pablo,,United States,US,
667,109564,Dennis Rodman,,United States,US,
668,109830,Sticky Fingaz,,United States,US,
669,109832,Nate Dogg,,United States,US,
670,110153,Sy Scott,,United States,US,
672,110359,"Lisa ""Left Eye"" Lopes",,United States,US,
674,110844,P. Diddy,,United States,US,
675,110977,Ginuwine,,United States,US,
676,111476,Mario Winans,,United States,US,
677,111506,Lil' Flip,,United States,US,
681,112737,Kid Capri,,United States,US,
682,112738,Showbiz & A.G.,,United States,US,
683,112745,Nona Gaye,,United States,US,
684,112754,Angie Martinez,,United States,US,
686,112968,Lil' Fame,,United States,US,
687,113191,Tak,,United States,US,
689,113397,Kurious,,United States,US,
691,113468,Layzie Bone,,United States,US,
692,113469,Bizzy Bone,,United States,US,
693,113470,112,,United States,US,
694,113497,Tha Dogg Pound,,United States,US,
696,113499,Dat Nigga Daz,,United States,US,
697,113583,Juelz Santana,,United States,US,
698,114329,Sporty Thievz,,United States,US,
700,114823,Lil' Kim,,United States,US,
701,114919,Truth Hurts,,United States,US,
705,116227,Soopafly,,United States,US,
707,116237,Amerie,,United States,US,
708,116348,David Banner,,United States,US,
709,117541,DJ Hollywood,,United States,US,
710,117845,Jaylib,,United States,US,
711,117896,Substance Abuse,,United States,US,
712,118648,Prince Po,,United States,US,
714,119439,Blahzay Blahzay,,United States,US,
715,120009,Lumidee,,United States,US,
716,120190,The Product G&B,,United States,US,
718,120307,Lil' Jon,,United States,US,
719,120527,Big Noyd,,United States,US,
720,120826,Eve (2),,United States,US,
721,120911,Malcolm X,,United States,US,
723,121443,Alliance (2),,United States,US,
727,122418,Jazze Pha,,United States,US,
728,123698,Val Young,,United States,US,
731,124892,Percee P,,United States,US,
732,125634,Psycho Realm,,United States,US,
735,126064,Memphis Bleek,,United States,US,
736,126072,Styles P,,United States,US,
737,126073,N.O.R.E.,,United States,US,
738,126157,Obie Trice,,United States,US,
740,126433,Canibus,,United States,US,
742,128173,Hurricane (2),,United States,US,
744,129792,Red Hot Lover Tone,,United States,US,
745,130532,The Rapsody,,United States,US,
746,130930,Ill Al Skratch,,United States,US,
747,130964,Bow Wow,,United States,US,
748,131960,JT Money,,United States,US,
750,132084,Snoop Dogg,,United States,US,
751,132136,Otis Redding,,United States,US,
752,133237,Chuck Chillout,,United States,US,
753,133345,Mr. Eon,,United States,US,
754,133456,Pauly Yamz,,United States,US,
755,133460,Oddisee,,United States,US,
757,133624,Mysonne,,United States,US,
762,133866,UGK,,United States,US,
763,133869,Twista,,United States,US,
764,133877,Drag-On,,United States,US,
765,133881,Ricky Bell,,United States,US,
770,134875,Dug Infinite,,United States,US,
771,134880,Boot Camp Clik,,United States,US,
774,136271,Foster Sylvers,,United States,US,
775,136513,Knoc-Turn'al,,United States,US,
776,136516,Rell,,United States,US,
780,137204,Slim Thug,,United States,US,
781,137532,Glamour Girls,,United States,US,
782,137540,Hurby's Machine,,United States,US,
783,137602,Big Boi,,United States,US,
784,137603,Juvenile (2),,United States,US,
788,137906,Mic Murphy,,United States,US,
789,137978,Andrea Martin,,United States,US,
790,138038,Joe Budden,,United States,US,
792,138789,Thes One,,United States,US,
794,139169,Jade (3),,United States,US,
796,139643,Method Man & Redman,,United States,US,
799,141507,Rock On Crew,,United States,US,
800,141600,Nivea,,United States,US,
801,142933,Blockhead,,United States,US,
803,142956,G-Unit,,United States,US,
804,143531,Lone Catalysts,,United States,US,
805,143557,Smoothe Da Hustler,,United States,US,
807,143751,Slimm Calhoun,,United States,US,
810,144332,Jeff Redd,,United States,US,
812,144828,T-Boz,,United States,US,
813,144910,Ronald Isley,,United States,US,
815,145488,The Good Girls,,United States,US,
816,145843,N*E*R*D,,United States,US,
819,145878,Rubix (2),,United States,US,
820,145934,Blinky Blink,,United States,US,
823,148097,Willie D,,United States,US,
824,148199,Shells,,United States,US,
829,150781,Cherish,,United States,US,
830,151357,Beat Master Clay D.,,United States,US,
832,151835,60 Second Assassin,,United States,US,
833,152268,Frank Nitty,,United States,US,
834,152272,Domingo,,United States,US,
838,154551,Geto Boys,,United States,US,
840,155252,Verbal Kent,,United States,US,
841,157241,Key-Kool,,United States,US,
842,157300,Cheryl Pepsii Riley,,United States,US,
843,157311,Rosco P. Coldchain,,United States,US,
844,157396,Bobby J,,United States,US,
845,157843,Timbaland & Magoo,,United States,US,
846,158275,Felecia,,United States,US,
848,158462,Dazzie Dee,,United States,US,
849,158775,Pusha T,,United States,US,
850,158786,Fam-Lay,,United States,US,
851,159342,Freddie Foxxx,,United States,US,
857,163384,Queen Pen,,United States,US,
858,163393,Natruel,,United States,US,
864,165375,Ying Yang Twins,,United States,US,
868,167209,Ant Banks,,United States,US,
869,167524,Little Daddy Shane,,United States,US,
872,167645,Tony Yayo,,United States,US,
877,169049,Scarub,,United States,US,
879,169524,Flii,,United States,US,
882,170239,Chingy,,United States,US,
883,170365,Andre 3000,,United States,US,
885,171458,DJ Enuff,,United States,US,
888,172043,Heltah Skeltah,,United States,US,
889,172664,Killarmy,,United States,US,
890,172666,Shyheim,,United States,US,
893,172962,Spliff Star,,United States,US,
894,173079,Sam Sneed,,United States,US,
896,173152,Timbo King,,United States,US,
897,173182,Ruff Endz,,United States,US,
898,173206,The Skeemers,,United States,US,
899,173279,Swizz Beatz,,United States,US,
900,173280,Nottz,,United States,US,
904,173363,Soulja Slim,,United States,US,
908,173399,Butch Cassidy,,United States,US,
909,173401,Tha Eastsidaz,,United States,US,
910,173428,DJ U-Neek,,United States,US,
911,173468,Devante Swing,,United States,US,
913,173506,B-Legit,,United States,US,
914,173536,Junior M.A.F.I.A.,,United States,US,
917,173546,Lil Rob,,United States,US,
918,173547,Irv Gotti,,United States,US,
919,173557,Fat Pat,,United States,US,
920,173559,Lil' Keke,,United States,US,
923,173758,C-Bo,,United States,US,
927,173857,Big Tymers,,United States,US,
928,173967,Run,,United States,US,
929,173998,Lil' Cease,,United States,US,
930,174136,Father Dom,,United States,US,
931,174177,Portia,,United States,US,
935,174303,Chris Webber,,United States,US,
938,174381,Kut Klose,,United States,US,
940,174597,Rich Nice,,United States,US,
941,174616,Midi Mafia,,United States,US,
942,174747,Olu Dara,,United States,US,
946,174968,Mannie Fresh,,United States,US,
947,175089,Kam (2),,United States,US,
951,175184,Refugee Camp All Stars,,United States,US,
952,175242,Milk Dee,,United States,US,
955,175575,Pimp C,,United States,US,
956,175586,Steady Mobb'n,,United States,US,
959,175707,Lopez (2),,United States,US,
960,175708,LG (2),,United States,US,
962,176098,TJ Swan,,United States,US,
963,176111,Tragedy Khadafi,,United States,US,
964,176751,Seville,,United States,US,
965,176766,Tupac Shakur,,United States,US,
967,176923,B.G. Knocc Out,,United States,US,
969,177086,Murphy Lee,,United States,US,
971,177093,St. Lunatics,,United States,US,
973,177491,Magoo (3),,United States,US,
974,177683,Bad Azz,,United States,US,
975,177921,DJ Toomp,,United States,US,
978,179014,Hell Razah,,United States,US,
981,179757,Keyshia Cole,,United States,US,
983,179826,Mr. Mixx,,United States,US,
984,180140,T.I.,,United States,US,
985,180818,Jamie Foxx,,United States,US,
986,180993,MJG,,United States,US,
989,181103,Kev Brown,,United States,US,
991,181339,Tre+6,,United States,US,
993,181427,Neek The Exotic,,United States,US,
998,182286,"Joey Robinson, Jr.",,United States,US,
1000,182738,John Legend,,United States,US,
1001,183380,Tech N9ne,,United States,US,
1002,183462,Joe Mafia,,United States,US,
1003,183463,Myalansky,,United States,US,
1005,183879,Lil' Dap,,United States,US,
1006,183968,DJ Rob (2),,United States,US,
1007,184117,Sista (2),,United States,US,
1010,184154,Young Lay,,United States,US,
1011,184474,Lord Infamous,,United States,US,
1012,184476,T-Rock,,United States,US,
1013,184488,Ghetto Commission,,United States,US,
1014,184491,Mo B. Dick,,United States,US,
1018,184924,Starang Wonduh,,United States,US,
1019,185172,Gov Mattic,,United States,US,
1020,185569,Gettovetts,,United States,US,
1021,185580,Trae,,United States,US,
1022,185582,Bun B,,United States,US,
1024,185840,Capital D,,United States,US,
1025,185848,Joe Sinistr,,United States,US,
1027,186333,Cedric Ceballos,,United States,US,
1028,186449,Illmind,,United States,US,
1029,186837,9th Wonder,,United States,US,
1030,186902,C-Rayz Walz,,United States,US,
1032,187204,MF Grimm,,United States,US,
1033,187224,Mausberg,,United States,US,
1035,187475,Extra Prolific,,United States,US,
1038,187740,Imajin,,United States,US,
1040,187810,The Ghetto Dwellas,,United States,US,
1044,188052,Chief Kamachi,,United States,US,
1046,188189,Architects Of Intellect,,United States,US,
1047,188242,The Outlawz,,United States,US,
1048,188244,Vinnie Paz,,United States,US,
1049,188467,King Syze,,United States,US,
1051,188694,Immortal Technique,,United States,US,
1054,189383,DJ Hand Master Flash,,United States,US,
1056,189635,American Cream Team,,United States,US,
1060,190328,Symbolyc One,,United States,US,
1061,190329,DJ Ev,,United States,US,
1062,190363,Masta Ace Incorporated,,United States,US,
1064,191071,MC Breed,,United States,US,
1066,191200,Aloe Blacc,,United States,US,
1067,191242,Diplo,,United States,US,
1069,191615,Claudette Ortiz,,United States,US,
1073,192677,"Michael ""5000"" Watts",,United States,US,
1074,192683,Paul Wall,,United States,US,
1075,192685,Lil' Ron,,United States,US,
1077,192718,Chamillionaire,,United States,US,
1079,193060,DJ Uncle Al,,United States,US,
1080,193064,Fresh Kid Ice,,United States,US,
1087,194106,Guerilla Maab,,United States,US,
1090,194277,Medina Green,,United States,US,
1093,194446,Harlem World,,United States,US,
1094,194450,Cheri Dennis,,United States,US,
1095,194507,Scrap Lover,,United States,US,
1096,194775,Party Arty,,United States,US,
1099,195013,J.D.L.,,United States,US,
1100,195198,Jacki-O,,United States,US,
1105,195894,C-Loc,,United States,US,
1106,195902,Swishahouse,,United States,US,
1107,195903,Mddl Fngz,,United States,US,
1108,195915,Yungstar,,United States,US,
1111,196077,Nutta Butta,,United States,US,
1113,196738,D-Roc,,United States,US,
1114,196988,Prince Whipper Whip,,United States,US,
1115,197168,Choppa,,United States,US,
1117,198518,GZA,,United States,US,
1118,198544,Mr. Cheeks,,United States,US,
1119,198567,DJ Kay Slay,,United States,US,
1122,198859,Prince Markie Dee,,United States,US,
1123,198861,Soul Convention,,United States,US,
1124,199137,Cedric The Entertainer,,United States,US,
1126,199332,Peedi Crakk,,United States,US,
1127,200161,Shai (3),,United States,US,
1129,200496,Da Ladies,,United States,US,
1130,200516,DFC (2),,United States,US,
1131,200586,Sha Rock,,United States,US,
1133,201124,Mashonda,,United States,US,
1134,201373,Army Of The Pharaohs,,United States,US,
1135,201894,2 Unorthodox,,United States,US,
1139,202733,9th Prince,,United States,US,
1144,203958,Animal (2),,United States,US,
1145,204166,Jojo,,United States,US,
1147,204581,Kenn Starr,,United States,US,
1148,204617,Marques Houston,,United States,US,
1150,204817,D12,,United States,US,
1151,205201,Baby (2),,United States,US,
1152,205709,Miri Ben-Ari,,United States,US,
1155,206660,Mr. ILL,,United States,US,
1156,206695,Horace Brown,,United States,US,
1157,206826,1 Life 2 Live,,United States,US,
1158,206930,Playdough,,United States,US,
1159,206944,Rubbabandz,,United States,US,
1161,207006,Prodigal Sunn,,United States,US,
1162,207010,The Jacka,,United States,US,
1163,207029,The UN (2),,United States,US,
1164,207103,David Storrs,,United States,US,
1165,207136,Malik Yusef,,United States,US,
1168,208836,Public Announcement,,United States,US,
1169,209156,Denosh,,United States,US,
1170,209286,Sean Garrett,,United States,US,
1171,209294,DJ Whoo Kid,,United States,US,
1172,209479,YoungBloodZ,,United States,US,
1173,209690,Jaz-O,,United States,US,
1174,209748,The Game (2),,United States,US,
1176,210316,Tony Sunshine,,United States,US,
1179,210747,Kase,,United States,US,
1181,210796,Big Tigger,,United States,US,
1182,210799,Boo & Gotti,,United States,US,
1184,210876,Sheek Louch,,United States,US,
1185,210926,Archie Eversole,,United States,US,
1186,211017,Playa-Playa,,United States,US,
1188,211042,Ghetto Twiinz,,United States,US,
1189,211100,Vita (3),,United States,US,
1190,211206,Rhymefest,,United States,US,
1192,211338,Mr. Pookie,,United States,US,
1193,211529,Mr. Short Khop,,United States,US,
1195,211684,Word Of Mouth (2),,United States,US,
1199,212257,J-Kwon,,United States,US,
1200,212524,Red Cafe,,United States,US,
1203,212979,Mista Madd,,United States,US,
1208,213498,5th Ward Boyz,,United States,US,
1213,214297,5th Ward Weebie,,United States,US,
1215,214301,Tum Tum,,United States,US,
1216,214415,DJ Man,,United States,US,
1217,214459,MC Trouble,,United States,US,
1219,215151,Very,,United States,US,
1220,215502,Mascaria,,United States,US,
1222,215610,DJ Statik Selektah,,United States,US,
1225,216095,Kane & Abel,,United States,US,
1226,216097,Porsha,,United States,US,
1231,216666,Prime Suspects,,United States,US,
1232,217039,DJ Mike Smooth,,United States,US,
1235,217277,Smif-N-Wessun,,United States,US,
1236,217403,DJ Cipha Sounds,,United States,US,
1238,217492,40 Thevz,,United States,US,
1239,217499,Doggy's Angels,,United States,US,
1241,218069,Joe Piscopo,,United States,US,
1244,218290,Field Mob,,United States,US,
1246,218406,Khrysis,,United States,US,
1247,218659,Big Shasta,,United States,US,
1251,218762,Mr. Lucci,,United States,US,
1252,218772,San Quinn,,United States,US,
1253,218779,Equipto,,United States,US,
1254,218783,Andre Nickatina,,United States,US,
1256,219088,Qwel,,United States,US,
1259,219204,Tab,,United States,US,
1262,220090,The Infinity Rappers,,United States,US,
1264,220580,Baby Bash,,United States,US,
1266,220791,Russell Rush,,United States,US,
1267,220810,Cardan,,United States,US,
1268,220911,The Mossie,,United States,US,
1270,221503,Eddie Murphy,,United States,US,
1271,221653,Ced What?,,United States,US,
1272,221673,Future (4),,United States,US,
1276,222705,Baby T,,United States,US,
1278,222985,Killa Kyleon,,United States,US,
1280,223690,Tha Mexakinz,,United States,US,
1281,223696,Emanon (3),,United States,US,
1282,223808,Free (2),,United States,US,
1285,224834,J-Cutt,,United States,US,
1286,224931,Krazy Eddie,,United States,US,
1287,224934,Diezzle Don,,United States,US,
1288,224983,Precious Paris,,United States,US,
1293,226868,John Cena,,United States,US,
1295,227198,The Murderers,,United States,US,
1296,227200,Cash Money Millionaires,,United States,US,
1297,227408,Phill Most Chill,,United States,US,
1299,227583,MC Madness,,United States,US,
1300,227626,Lil' Zane,,United States,US,
1306,230512,Cl'che,,United States,US,
1307,231095,B2K,,United States,US,
1308,231097,Ruben Studdard,,United States,US,
1309,231481,Alfonzo Hunter,,United States,US,
1311,231617,Plain Pat,,United States,US,
1312,231775,DJ JS-1,,United States,US,
1313,231900,The Godfathers Of Threatt,,United States,US,
1316,232815,Boss Hogg Outlawz,,United States,US,
1317,232827,Miss Jones (2),,United States,US,
1318,232956,Pitbull,,United States,US,
1320,232986,The Wreckshop Family,,United States,US,
1324,233184,Brooke Valentine,,United States,US,
1326,234143,Sparkle (2),,United States,US,
1329,235600,Mykill Miers,,United States,US,
1335,237910,Shawty Beezlee,,United States,US,
1336,237912,Play-N-Skillz,,United States,US,
1337,237951,K-Rino,,United States,US,
1339,239107,Prince A.D.,,United States,US,
1341,239305,Lil' Scrappy,,United States,US,
1344,239872,Stat Quo,,United States,US,
1345,239980,Tha Realest,,United States,US,
1351,240528,Lil' C-Style,,United States,US,
1353,241530,Strong Arm Steady,,United States,US,
1354,241531,Keri Hilson,,United States,US,
1355,242071,The Genius,,United States,US,
1356,242401,Bronze Nazareth,,United States,US,
1358,242695,Tiffany Villarreal,,United States,US,
1359,243792,Hell Rell,,United States,US,
1360,243806,J.R. Writer,,United States,US,
1361,244611,Thee Undatakerz,,United States,US,
1366,245421,Shafiq Husayn,,United States,US,
1367,246441,Dirt Nasty,,United States,US,
1369,248375,The Flip Squad,,United States,US,
1371,250227,Sh'killa,,United States,US,
1372,250359,UTP,,United States,US,
1375,251591,Dave Lombardo,,United States,US,
1377,253588,Urban Mystic,,United States,US,
1381,256006,Malika (2),,United States,US,
1382,256121,Termanology,,United States,US,
1383,256260,P$C,,United States,US,
1391,257898,Parallel Thought,,United States,US,
1393,261565,Mitchy Slick,,United States,US,
1394,261568,C.O. Tha! Bad Black,,United States,US,
1395,261580,Haystak,,United States,US,
1397,261590,Turf Talk,,United States,US,
1398,261594,T-Nutty,,United States,US,
1401,261611,Husalah,,United States,US,
1403,261878,Biggie Smalls,,United States,US,
1406,267374,Young Noble,,United States,US,
1407,267935,Clinton Sparks,,United States,US,
1409,268611,Sharissa,,United States,US,
1411,270049,Marsha Ambrosius,,United States,US,
1412,270484,Jiggie Gee,,United States,US,
1413,272172,The ARE,,United States,US,
1414,273252,Mike Gao,,United States,US,
1415,273338,Wanz,,United States,US,
1416,274224,La' Chat,,United States,US,
1418,275854,Esera Tuaolo,,United States,US,
1419,275861,Tamar Braxton,,United States,US,
1423,277500,Dangerous LLC.,,United States,US,
1427,280631,Bravo (7),,United States,US,
1428,280632,Sandman (9),,United States,US,
1429,280902,The DJ Strong,,United States,US,
1433,284475,6 Shot,,United States,US,
1435,284919,Hov,,United States,US,
1437,286969,DJ DW,,United States,US,
1441,289247,KJ-52,,United States,US,
1443,289664,Magestik Legend,,United States,US,
1444,291293,Omarion,,United States,US,
1445,291611,Impromp2,,United States,US,
1446,292681,Robin Thicke,,United States,US,
1447,293440,The Pacemaker,,United States,US,
1448,293487,Mike Shorey,,United States,US,
1449,293637,The Artist (Formerly Known As Prince),,United States,US,
1450,293744,Trey Songz,,United States,US,
1452,294733,Greg Street,,United States,US,
1453,295573,Co,,United States,US,
1456,296728,Rashad Thomas,,United States,US,
1458,297093,Frayser Boy,,United States,US,
1460,298137,Brotha Lynch Hung,,United States,US,
1461,298680,Carmen Carter,,United States,US,
1465,300542,Rivers Cuomo,,United States,US,
1466,300850,Indo G,,United States,US,
1469,301471,Trillville,,United States,US,
1470,301848,Stranger D,,United States,US,
1471,301850,MC Sugar Ray,,United States,US,
1473,302458,Proper Dos,,United States,US,
1475,303120,Hussein Fatal,,United States,US,
1476,303144,Da Beat Terrorists,,United States,US,
1478,305038,The Island Inspirational All-Stars,,United States,US,
1480,308385,The Pussycat Dolls,,United States,US,
1482,309482,Spectac (2),,United States,US,
1483,309697,Spider Loc,,United States,US,
1487,313773,Avery Storm,,United States,US,
1498,321128,Rihanna,,United States,US,
1499,323297,Roc 'C',,United States,US,
1502,324866,J Dilla,,United States,US,
1503,325291,Daddy V,,United States,US,
1504,326107,Homebwoi,,United States,US,
1505,326109,Mr. Collipark,,United States,US,
1508,328931,R.O.S.,,United States,US,
1509,329195,Duece Poppi,,United States,US,
1511,329620,Nicole Scherzinger,,United States,US,
1513,329714,JT The Bigga Figga,,United States,US,
1514,330017,Mac Dre,,United States,US,
1515,331080,Sha Stimuli,,United States,US,
1516,331152,Tom Skeemask,,United States,US,
1519,331456,Nutt-So,,United States,US,
1520,331478,Lil' Flea,,United States,US,
1521,331493,Gangsta Pat,,United States,US,
1523,331528,Immobilarie,,United States,US,
1525,331629,Birdman (2),,United States,US,
1526,331773,Bekay,,United States,US,
1528,332351,Georgia Anne Muldrow,,United States,US,
1531,333565,Yo Gotti,,United States,US,
1533,337745,K.O. Cane Wayne,,United States,US,
1534,337746,Al Kapone,,United States,US,
1535,338049,Hypnotize Camp Posse,,United States,US,
1537,340904,Von Pea,,United States,US,
1538,341732,Don Cannon,,United States,US,
1540,341770,Ras G,,United States,US,
1541,341815,Travis Barker,,United States,US,
1542,342282,Guce,,United States,US,
1543,343154,Ruff Eyque,,United States,US,
1548,347353,Chrissy C,,United States,US,
1550,348168,Rip One,,United States,US,
1552,349272,IMx,,United States,US,
1553,349341,Da Roughneck Posse,,United States,US,
1554,349348,Tommy Wright III,,United States,US,
1558,350979,DJ Squeeky,,United States,US,
1559,351013,DJ Zirk,,United States,US,
1560,351113,2 Thick,,United States,US,
1561,352749,MeMpHiTz,,United States,US,
1563,353608,Adam Levine,,United States,US,
1564,353611,Lupe Fiasco,,United States,US,
1566,356288,"Kenny ""Dope"" Gonzalez",,United States,US,
1567,356428,Pras Michel,,United States,US,
1570,357753,Chris Brown (4),,United States,US,
1571,358399,Montage One,,United States,US,
1572,359565,Tear Da Club Up Thugs,,United States,US,
1575,359936,Stack Bundles,,United States,US,
1576,359939,Ne-Yo,,United States,US,
1577,360595,Gram (4),,United States,US,
1578,361356,Amanda Blank,,United States,US,
1579,361588,Ric Nice,,United States,US,
1580,362265,Brainsick Enterprize,,United States,US,
1584,365048,Latino Velvet,,United States,US,
1586,365456,Maino,,United States,US,
1591,373199,Big Oomp,,United States,US,
1593,373607,The Dragon Family,,United States,US,
1594,374073,Fort Minor,,United States,US,
1596,374226,Plies,,United States,US,
1597,374448,Chrome (12),,United States,US,
1598,374510,Young Dro,,United States,US,
1603,379412,Young Murder Squad,,United States,US,
1606,382934,T-Pain,,United States,US,
1607,383061,"Jose ""Choco"" Reynoso",,United States,US,
1608,383281,DJ Drama,,United States,US,
1611,389522,Aqualeo,,United States,US,
1614,395018,Tru-Life,,United States,US,
1618,402679,Ryan Leslie,,United States,US,
1619,403166,BP (3),,United States,US,
1620,404077,Johnta Austin,,United States,US,
1624,410424,Playya 1000,,United States,US,
1625,410449,D Of Trinity Garden Cartel,,United States,US,
1629,416468,Mr. Marcelo,,United States,US,
1630,416476,504 Boyz,,United States,US,
1633,419677,Gucci Mane,,United States,US,
1634,420155,Cool Nutz,,United States,US,
1635,420349,Shareefa,,United States,US,
1636,420353,Playaz Circle,,United States,US,
1637,421588,DJ Smallz,,United States,US,
1638,423978,Fel Sweetenberg,,United States,US,
1640,427992,Aaron LaCrate,,United States,US,
1641,431798,Reef The Lost Cauze,,United States,US,
1644,436547,Raheem DeVaughn,,United States,US,
1646,440091,Fat Ray,,United States,US,
1648,445619,Ali & Gipp,,United States,US,
1651,449428,Tim Smooth,,United States,US,
1655,454902,Young Capone,,United States,US,
1656,455230,Chanté Moore,,United States,US,
1658,457961,Guerilla Black,,United States,US,
1660,467940,Baby Girl,,United States,US,
1662,472918,RA Scion,,United States,US,
1663,476414,Skyzoo,,United States,US,
1664,476589,Trek Life,,United States,US,
1665,479893,Glasses Malone,,United States,US,
1668,481117,Gonzoe,,United States,US,
1669,481481,The Firm (6),,United States,US,
1675,490852,Jermiside,,United States,US,
1676,492474,DJ Butter,,United States,US,
1677,494714,Yung Joc,,United States,US,
1681,508077,DJ Suss.One,,United States,US,
1682,510550,DJ Boogie Blind,,United States,US,
1683,510730,Napoléon Da Legend,,United States,US,
1686,528025,Force One Network,,United States,US,
1688,533279,Nate Ruess,,United States,US,
1689,534737,Blue Sky Black Death,,United States,US,
1690,542293,Black A.G.,,United States,US,
1694,552485,Saget,,United States,US,
1697,554834,Raw Poetic,,United States,US,
1700,565910,Ray Long,,United States,US,
1701,566501,Fergie (2),,United States,US,
1706,567355,Crucial D,,United States,US,
1707,569040,Raheem The Dream,,United States,US,
1713,574981,40 Glocc,,United States,US,
1714,578379,Ajax (6),,United States,US,
1719,586332,The D'kster,,United States,US,
1720,590009,Black Menace,,United States,US,
1721,590032,Dalvin DeGrate,,United States,US,
1722,591721,Ammbush,,United States,US,
1726,600810,Tony Starks,,United States,US,
1730,612064,3rd Wish,,United States,US,
1734,618095,Hispanic MC's,,United States,US,
1736,620399,Mellowdramatik,,United States,US,
1739,632353,Lil' Troy,,United States,US,
1742,634808,Webbie,,United States,US,
1746,641208,Bang Em Smurf,,United States,US,
1747,641211,Lady Ice,,United States,US,
1748,641214,Bleu Davinci,,United States,US,
1749,641727,DJ Fresh (7),,United States,US,
1753,647464,Jody Breeze,,United States,US,
1754,647486,Yung Redd,,United States,US,
1755,658020,Ca$his,,United States,US,
1757,660187,Freddie Joachim,,United States,US,
1758,662423,Emily King,,United States,US,
1760,666064,G-Ism,,United States,US,
1761,669039,Willie Max,,United States,US,
1764,676421,Micki Dee,,United States,US,
1765,676432,Miley Cyrus,,United States,US,
1766,676828,Re-Up Gang,,United States,US,
1767,677471,Chrisette Michele,,United States,US,
1768,680232,M.C. Mello Mar,,United States,US,
1769,681215,A-Alikes,,United States,US,
1770,685501,Gensu Dean,,United States,US,
1771,687390,Artice Bartley,,United States,US,
1772,689101,Delle Del,,United States,US,
1773,689990,The Royal Posse,,United States,US,
1776,694181,Deion Sanders,,United States,US,
1779,703922,Jibbs,,United States,US,
1783,718287,Bilal Salaam,,United States,US,
1785,724208,Darkroom Familia,,United States,US,
1787,732060,Mr. Sche,,United States,US,
1788,735854,Fonz (2),,United States,US,
1789,735980,The Group Home,,United States,US,
1793,747767,Mick Boogie,,United States,US,
1795,753590,Alcatraz (5),,United States,US,
1796,766329,Body Head Bangerz,,United States,US,
1797,769482,Creo-D,,United States,US,
1798,769673,Jacob Safari,,United States,US,
1799,772340,5 Family Click,,United States,US,
1806,782827,Buff1,,United States,US,
1807,784571,Partners-N-Crime,,United States,US,
1808,785743,The Inc,,United States,US,
1809,790768,DJ Rick Lee,,United States,US,
1814,793051,Jesse Boykins III,,United States,US,
1816,803809,Ryan Lewis,,United States,US,
1820,820862,Torae,,United States,US,
1822,823878,3re Da Hardaway,,United States,US,
1823,826630,Bullys Wit Fullys,,United States,US,
1831,851050,Roy Jones Jr.,,United States,US,
1832,851685,Tiffany Evans,,United States,US,
1841,878056,Paten Locke,,United States,US,
1842,885103,Flo Rida,,United States,US,
1843,885654,6430,,United States,US,
1845,885971,Lil' Eazy-E,,United States,US,
1846,897576,UNO Mas (2),,United States,US,
1847,901031,B.o.B,,United States,US,
1848,903050,Gorilla Zoe,,United States,US,
1853,926625,Batsauce,,United States,US,
1854,929836,J. Holiday,,United States,US,
1856,932352,Wale,,United States,US,
1860,947787,Menacide,,United States,US,
1863,962444,Berner,,United States,US,
1871,982496,Niia,,United States,US,
1873,993355,Sheisty Khrist,,United States,US,
1874,994376,Trademarc,,United States,US,
1875,994608,One Chance,,United States,US,
1876,999417,Teddy Roxpin,,United States,US,
1877,1002011,Wu-Tang Killa Bees,,United States,US,
1879,1005259,The West Coast Rydaz,,United States,US,
1881,1005368,D.J. Mix,,United States,US,
1882,1008036,The-Dream,,United States,US,
1886,1023737,Jamall Bufford,,United States,US,
1888,1026144,Kenny Mack,,United States,US,
1889,1030973,Damu The Fudgemunk,,United States,US,
1890,1033925,Chico & Coolwadda,,United States,US,
1893,1039050,Afro Classics,,United States,US,
1896,1043043,Tay Dizm,,United States,US,
1897,1043044,2 Pistols,,United States,US,
1900,1057095,Mack Maine,,United States,US,
1903,1059062,Danny Brown (2),,United States,US,
1904,1065010,Lil Wayne,,United States,US,
1906,1079081,Benzilla,,United States,US,
1907,1079083,BK-One,,United States,US,
1908,1093094,Kid Cudi,,United States,US,
1913,1099486,Beelow,,United States,US,
1914,1100769,Baby Boy Da Prince,,United States,US,
1915,1101544,Tow Down,,United States,US,
1916,1103444,DJ E-Nyce,,United States,US,
1917,1103798,Shawty Lo,,United States,US,
1919,1106613,DJ Skizz,,United States,US,
1925,1114067,Boondox,,United States,US,
1927,1118781,Short Dawg,,United States,US,
1928,1121000,Shepard Fairey,,United States,US,
1930,1121344,Willie The Kid,,United States,US,
1932,1123390,Disturbing Tha Peace,,United States,US,
1933,1124616,Static Major,,United States,US,
1934,1125252,Die Hard (2),,United States,US,
1938,1130060,Mila J,,United States,US,
1941,1132192,Dutch & Spade,,United States,US,
1950,1177140,Lil Pete,,United States,US,
1951,1177244,Tyga,,United States,US,
1952,1178339,Jason Derulo,,United States,US,
1959,1194826,Denmark Vessey,,United States,US,
1960,1195707,Casely,,United States,US,
1963,1201210,Big Sean,,United States,US,
1964,1201672,Jamie Kennedy,,United States,US,
1966,1203457,Superstar Quamallah,,United States,US,
1970,1207395,Yelawolf,,United States,US,
1973,1214890,Stu Bangas,,United States,US,
1977,1217456,Purpose (3),,United States,US,
1978,1217850,Tha Ateam,,United States,US,
1979,1218066,Lil Elt,,United States,US,
1981,1224549,Paulie Rhyme,,United States,US,
1982,1226949,North Bronx Alliance,,United States,US,
1983,1229163,DJ Pain 1,,United States,US,
1985,1232413,Goldfinger (22),,United States,US,
1988,1233832,The Psychotic Neurotics,,United States,US,
1991,1252791,Blacastan,,United States,US,
1992,1262687,Fashawn,,United States,US,
1993,1264567,Ace Hood,,United States,US,
1994,1264705,Tha Sonz Of Harlem,,United States,US,
1997,1269042,Dosia Demon,,United States,US,
1999,1272781,The Bad Boy Family,,United States,US,
2001,1283971,Audessey The Sound Sci,,United States,US,
2009,1321819,Ricco Barrino,,United States,US,
2010,1322193,Mr. Capone-E,,United States,US,
2012,1329808,Sin Assassins,,United States,US,
2014,1330979,Domination (6),,United States,US,
2017,1340488,DJ Victorious,,United States,US,
2019,1357693,Bruno Mars,,United States,US,
2021,1379579,Zumbi (2),,United States,US,
2029,1439270,Awon,,United States,US,
2031,1443688,Stik Figa,,United States,US,
2032,1447802,Asher Roth,,United States,US,
2033,1453439,Kidd Kidd,,United States,US,
2034,1454220,Hopsin,,United States,US,
2035,1461086,IMAKEMADBEATS,,United States,US,
2041,1472585,Skrillex,,United States,US,
2044,1480654,Sqad Up,,United States,US,
2048,1493214,Curren$y,,United States,US,
2050,1493334,Stucat,,United States,US,
2051,1496549,Lecrae,,United States,US,
2053,1502171,Jeremih,,United States,US,
2056,1507065,Skateboard P,,United States,US,
2058,1513560,Santigold,,United States,US,
2059,1519408,Young Money (2),,United States,US,
2062,1527592,French Montana,,United States,US,
2072,1550260,Ester Dean,,United States,US,
2077,1561854,Stevie Joe,,United States,US,
2090,1603904,Boog Brown,,United States,US,
2091,1611895,Adrian Younge,,United States,US,
2094,1625234,Deemi,,United States,US,
2095,1626519,Melky And Day,,United States,US,
2097,1629999,P-D2,,United States,US,
2099,1635332,Chyna Whyte,,United States,US,
2100,1637106,New Boyz (2),,United States,US,
2101,1638200,Freddie Gibbs,,United States,US,
2102,1641822,BJ The Chicago Kid,,United States,US,
2106,1676658,Lights-Out Productions,,United States,US,
2107,1683717,DJ Butta,,United States,US,
2108,1689694,Waka Flocka Flame,,United States,US,
2109,1692952,DJ Jack Beatz,,United States,US,
2110,1705135,Has-Lo,,United States,US,
2111,1705967,Tha Connection,,United States,US,
2113,1711525,Slick Lee,,United States,US,
2116,1719953,Lex Luger,,United States,US,
2121,1747394,Ghetto Life,,United States,US,
2122,1752845,Black Dave,,United States,US,
2124,1778977,Kendrick Lamar,,United States,US,
2126,1797643,Eric Nally,,United States,US,
2128,1813779,The Wolf Pack (3),,United States,US,
2139,1880115,Lil' Flash,,United States,US,
2143,1891477,Monster Rally,,United States,US,
2145,1902929,Jeremiah Jae,,United States,US,
2146,1914437,Roscoe Dash,,United States,US,
2147,1917763,Smoke DZA,,United States,US,
2149,1926684,Azealia Banks,,United States,US,
2152,1945957,Rittz,,United States,US,
2154,1967266,Domo Genesis,,United States,US,
2155,1967268,"Tyler, The Creator",,United States,US,
2156,1971480,Vince Staples,,United States,US,
2157,1973996,K. Michelle,,United States,US,
2163,2014191,MindsOne,,United States,US,
2164,2020073,Camoflauge,,United States,US,
2167,2048827,Diddy - Dirty Money,,United States,US,
2171,2082945,Meek Mill,,United States,US,
2177,2121662,Tetraz,,United States,US,
2180,2130591,Brandon Beal,,United States,US,
2182,2155220,The Chopper City Boyz,,United States,US,
2186,2165577,Mac Miller,,United States,US,
2188,2168005,Most Wanted Boys,,United States,US,
2191,2199055,Tall Black Guy,,United States,US,
2194,2210243,Maffew Ragazino,,United States,US,
2196,2282960,V-Nasty,,United States,US,
2197,2286124,South Park Coalition,,United States,US,
2200,2385844,Deqawn,,United States,US,
2201,2396387,MC Chi-Guy,,United States,US,
2205,2418185,Fatgums,,United States,US,
2208,2467996,Chuuwee,,United States,US,
2216,2523290,2 Chainz,,United States,US,
2220,2534895,Starvin B,,United States,US,
2222,2541307,Doc Hollywood,,United States,US,
2224,2544863,Cas One,,United States,US,
2225,2544885,Pawz One,,United States,US,
2227,2561774,Quelle Chris,,United States,US,
2228,2567682,Hippie Sabotage,,United States,US,
2230,2576428,Stuey Rock,,United States,US,
2232,2579886,Texas Tee,,United States,US,
2233,2603970,Es-K,,United States,US,
2234,2628906,Nacho Picasso,,United States,US,
2237,2647108,Young Dolph,,United States,US,
2238,2664379,Party Supplies,,United States,US,
2240,2667273,Jarren Benton,,United States,US,
2241,2667442,Ten Wanted Men,,United States,US,
2244,2669924,Rozewood,,United States,US,
2245,2685102,Iggy Azalea,,United States,US,
2255,2740852,Flexx G,,United States,US,
2258,2743995,Baauer,,United States,US,
2261,2752378,I.G. Off And Hazadous,,United States,US,
2262,2770779,The Pratt Attack,,United States,US,
2263,2772887,Azizi Gibson,,United States,US,
2265,2778849,IAmSu,,United States,US,
2270,2793315,Cainon Lamb,,United States,US,
2273,2809827,Lil Reese,,United States,US,
2274,2817914,Duke Westlake,,United States,US,
2276,2820361,Kirko Bangz,,United States,US,
2281,2832471,Half-A-Mill,,United States,US,
2283,2851433,Clear Soul Forces,,United States,US,
2285,2874067,The GR8 T.J.,,United States,US,
2286,2875151,G-Eazy,,United States,US,
2294,2957310,Bone Brothers,,United States,US,
2296,2959589,L'Orange,,United States,US,
2303,3052166,The Hoodratz (2),,United States,US,
2305,3057481,Chuck Strangers,,United States,US,
2306,3062379,Kid Ink,,United States,US,
2311,3091845,4 Matt,,United States,US,
2312,3091846,The Illtown Family,,United States,US,
2316,3139122,Jon Quest,,United States,US,
2320,3198963,August Alsina,,United States,US,
2324,3228102,ESQ (6),,United States,US,
2326,3232613,Migos,,United States,US,
2329,3243761,Peewee Longway,,United States,US,
2330,3243777,Young Thug (2),,United States,US,
2331,3244227,Metro Boomin,,United States,US,
2333,3254709,Coke Boys,,United States,US,
2334,3259639,21 Savage,,United States,US,
2336,3268583,Chance The Rapper,,United States,US,
2340,3278369,Sage The Gemini,,United States,US,
2346,3314153,Larry Fisherman,,United States,US,
2347,3329552,Austin Mahone,,United States,US,
2349,3351365,Run The Jewels,,United States,US,
2351,3380847,DJ Folk,,United States,US,
2355,3399244,The Congregation (3),,United States,US,
2356,3414311,Rich Gang,,United States,US,
2357,3415529,Kehlani,,United States,US,
2360,3495289,Tink (7),,United States,US,
2361,3518183,Camila Cabello,,United States,US,
2362,3519986,Tinashe (2),,United States,US,
2367,3588219,Jhené Aiko,,United States,US,
2369,3619379,Lookas,,United States,US,
2371,3640546,Vox Mod,,United States,US,
2373,3663722,Pat Van Dyke,,United States,US,
2374,3667994,Phoniks,,United States,US,
2375,3678583,Dephlow,,United States,US,
2384,3804942,JGivens (2),,United States,US,
2387,3826177,Richie Branson,,United States,US,
2392,3902061,Haze Of Main Aim,,United States,US,
2393,3946211,Lil Uzi Vert,,United States,US,
2395,3949713,Rae Sremmurd,,United States,US,
2399,3979450,Swae Lee,,United States,US,
2400,3996218,Blakk Soul,,United States,US,
2401,4003501,Anderson .Paak,,United States,US,
2402,4016434,Post Malone,,United States,US,
2406,4048318,Your Old Droog,,United States,US,
2407,4061019,Charlie Puth,,United States,US,
2409,4079790,Dej Loaf,,United States,US,
2412,4117954,O.T. Genasis,,United States,US,
2415,4164733,Mega Ran,,United States,US,
2416,4186500,Bryson Tiller,,United States,US,
2417,4187945,Desiigner,,United States,US,
2423,4227218,Fetty Wap,,United States,US,
2426,4274898,Slug Christ,,United States,US,
2433,4365498,Dirty South Divas,,United States,US,
2434,4378156,Quicksilver Cooley,,United States,US,
2436,4418892,Czarface,,United States,US,
2444,4501713,JPEGMAFIA,,United States,US,
2445,4533241,Lil Dicky,,United States,US,
2448,4562649,Mak Villain,,United States,US,
2452,4661606,Semi Hendrix,,United States,US,
2453,4661613,Coast Contra,,United States,US,
2456,4730579,Lenny D (2),,United States,US,
2457,4746040,Starrah,,United States,US,
2460,4824642,Evilldewer,,United States,US,
2464,4911751,Anti Lilly,,United States,US,
2467,4938476,Lil Yachty,,United States,US,
2473,5052338,Piper (20),,United States,US,
2474,5060024,fly anakin,,United States,US,
2475,5083440,Camoflauge Monk,,United States,US,
2476,5111351,"The Last Artful, Dodgr",,United States,US,
2480,5141922,Big Ghost LTD,,United States,US,
2481,5153025,Cardi B,,United States,US,
2494,5418399,D.J. Too Cool,,United States,US,
2495,5428976,mansionz,,United States,US,
2496,5474522,38 Spesh,,United States,US,
2502,5596417,The Mechanik And Friends,,United States,US,
2511,5932093,Mr. Rikk,,United States,US,
2513,5959539,Trippie Redd,,United States,US,
2514,6042596,Freaky (9),,United States,US,
2515,6042640,Bhad Bhabie,,United States,US,
2516,6082390,Warporn Industries,,United States,US,
2518,6139696,ANKHLEJOHN,,United States,US,
2521,6144954,Esteban (27),,United States,US,
2523,6169740,Good Compny,,United States,US,
2525,6208345,RaRa (9),,United States,US,
